Workbook

Sheet 01_LEADS
A1: ID | B1: Компания | C1: Ниша | D1: Город / рынок | E1: Сайт / профиль | F1: Контактное лицо | G1: Канал связи | H1: Контакт | I1: Источник | J1: Наблюдение | K1: Возможная проблема | L1: Почему подходит мой оффер | M1: Сигнал момента | N1: Need (0–2) | O1: Buying Capacity (0–2) | P1: Contactability (0–2) | Q1: Fit (0–2) | R1: Timing (0–2) | S1: Итоговый Lead Score | T1: Приоритет | U1: Дата находки | V1: Дата обращения | W1: Версия сообщения | X1: Статус | Y1: Последний ответ | Z1: Дата follow-up | AA1: Следующее действие | AB1: Кто порекомендовал | AC1: Кому порекомендовал(а) | AD1: Заметки
A2: DEMO-1 | B2: DEMO — Стоматология «Северная» (удалить) | C2: Стоматология | D2: Новосибирск | E2: instagram.com/demo1 | F2: Анна | G2: Instagram | H2: @demo_dental | I2: Instagram | J2: Активный Instagram, нет сайта с записью | K2: Нет страницы с услугами и формой записи | L2: Лендинг с услугами и записью | M2: Анонс нового врача на этой неделе | N2: 2 | O2: 1 | P2: 2 | Q2: 2 | R2: 1 | S2: =IF(COUNT(N2:R2)=0,"",SUM(N2:R2)) | T2: A | U2: 46266.683 | V2: 46266.683 | W2: A | X2: CONTACTED | Z2: 46269.683 | AA2: Follow-up через 2 дня | AD2: DEMO — удалить перед использованием
A3: DEMO-2 | B3: DEMO — Детейлинг «Глянец» (удалить) | C3: Детейлинг | D3: Москва | E3: vk.com/demo2 | F3: Игорь | G3: VK | H3: vk.com/demo2_msg | I3: VK | J3: Много отзывов, сайта нет | K3: Заявки только через директ | L3: Лендинг с портфолио работ | N3: 1 | O3: 2 | P3: 1 | Q3: 2 | R3: 0 | S3: =IF(COUNT(N3:R3)=0,"",SUM(N3:R3)) | T3: B | U3: 46261.683 | X3: NEW | AA3: Написать первое сообщение | AD3: DEMO — удалить перед использованием
A4: DEMO-3 | B4: DEMO — Эксперт по маникюру (удалить) | C4: Бьюти | D4: Санкт-Петербург | E4: instagram.com/demo3 | F4: Мария | G4: Instagram | H4: @demo_nails | I4: Instagram | J4: Снимает Reels, слабый хук | K4: Зрители не досматривают ролики | L4: 5 сценариев с сильным хуком | N4: 2 | O4: 1 | P4: 2 | Q4: 2 | R4: 2 | S4: =IF(COUNT(N4:R4)=0,"",SUM(N4:R4)) | T4: A | U4: 46264.683 | V4: 46265.683 | W4: B | X4: REPLIED | Y4: 46265.683 | Z4: 46268.683 | AA4: Провести discovery | AD4: DEMO — удалить перед использованием
A5: DEMO-4 | B5: DEMO — Онлайн-школа «Рост» (удалить) | C5: Образование | D5: Екатеринбург | E5: t.me/demo4 | F5: Павел | G5: Telegram | H5: @demo_edu | I5: Telegram | J5: База подписчиков, нет лид-магнита | K5: Нет входного бесплатного материала | L5: PDF-гайд как лид-магнит | N5: 1 | O5: 2 | P5: 2 | Q5: 1 | R5: 1 | S5: =IF(COUNT(N5:R5)=0,"",SUM(N5:R5)) | T5: B | U5: 46256.683 | V5: 46258.683 | W5: A | X5: FOLLOW-UP | Y5: 46258.683 | Z5: 46265.683 | AA5: Отправить follow-up #2 | AD5: DEMO — удалить перед использованием
A6: DEMO-5 | B6: DEMO — Кофейня «Утро» (удалить) | C6: Кафе | D6: Казань | E6: instagram.com/demo5 | F6: Светлана | G6: Instagram | H6: @demo_coffee | I6: Instagram | J6: Заброшенный Telegram-канал | K6: Нет публикаций 3 недели | L6: Контент-план на месяц | M6: Ищут бариста — набор команды | N6: 2 | O6: 1 | P6: 1 | Q6: 2 | R6: 2 | S6: =IF(COUNT(N6:R6)=0,"",SUM(N6:R6)) | T6: A | U6: 46265.683 | X6: NEW | AA6: Найти контакт и написать | AD6: DEMO — удалить перед использованием
S7: =IF(COUNT(N7:R7)=0,"",SUM(N7:R7))
S8: =IF(COUNT(N8:R8)=0,"",SUM(N8:R8))
S9: =IF(COUNT(N9:R9)=0,"",SUM(N9:R9))
S10: =IF(COUNT(N10:R10)=0,"",SUM(N10:R10))
S11: =IF(COUNT(N11:R11)=0,"",SUM(N11:R11))
S12: =IF(COUNT(N12:R12)=0,"",SUM(N12:R12))
S13: =IF(COUNT(N13:R13)=0,"",SUM(N13:R13))
S14: =IF(COUNT(N14:R14)=0,"",SUM(N14:R14))
S15: =IF(COUNT(N15:R15)=0,"",SUM(N15:R15))
S16: =IF(COUNT(N16:R16)=0,"",SUM(N16:R16))
S17: =IF(COUNT(N17:R17)=0,"",SUM(N17:R17))
S18: =IF(COUNT(N18:R18)=0,"",SUM(N18:R18))
... S500: =IF(COUNT(N500:R500)=0,"",SUM(N500:R500))

Sheet 02_DASHBOARD
A1: ПОКАЗАТЕЛЬ | B1: ЗНАЧЕНИЕ | C1: КАК СЧИТАЕТСЯ
A2: Всего лидов | B2: =COUNTA('01_LEADS'!$A$2:$A$500) | C2: непустые строки в столбце ID
A3: Лиды A | B3: =COUNTIF('01_LEADS'!$T$2:$T$500,"A") | C3: Приоритет = A
A4: Лиды B | B4: =COUNTIF('01_LEADS'!$T$2:$T$500,"B") | C4: Приоритет = B
A5: Лиды C | B5: =COUNTIF('01_LEADS'!$T$2:$T$500,"C") | C5: Приоритет = C
A6: Написано (Contacted) | B6: =COUNTA('01_LEADS'!$V$2:$V$500) | C6: заполнена «Дата обращения»
A7: Ответили (Replies) | B7: =COUNTA('01_LEADS'!$Y$2:$Y$500) | C7: заполнен «Последний ответ» (хотя бы раз ответили)
A8: Заинтересованы (Interested и дальше) | B8: =COUNTIF('01_LEADS'!$X$2:$X$500,"INTERESTED")+COUNTIF('01_LEADS'!$X$2:$X$500,"DISCOVERY")+COUNTIF('01_LEADS'!$X$2:$X$500,"OFFER SENT")+COUNTIF('01_LEADS'!$X$2:$X$500,"WON") | C8: текущий статус INTERESTED и дальше по воронке
A9: Обсуждение (Discovery и дальше) | B9: =COUNTIF('01_LEADS'!$X$2:$X$500,"DISCOVERY")+COUNTIF('01_LEADS'!$X$2:$X$500,"OFFER SENT")+COUNTIF('01_LEADS'!$X$2:$X$500,"WON") | C9: текущий статус DISCOVERY и дальше
A10: Офферы отправлены (или Won) | B10: =COUNTIF('01_LEADS'!$X$2:$X$500,"OFFER SENT")+COUNTIF('01_LEADS'!$X$2:$X$500,"WON") | C10: текущий статус OFFER SENT или WON
A11: Закрыто (Won) | B11: =COUNTIF('01_LEADS'!$X$2:$X$500,"WON") | C11: текущий статус WON
A12: Потеряно (Lost) | B12: =COUNTIF('01_LEADS'!$X$2:$X$500,"LOST") | C12: текущий статус LOST
A13: Follow-up сегодня и просрочен | B13: =SUMPRODUCT(('01_LEADS'!$Z$2:$Z$500<>"")*('01_LEADS'!$Z$2:$Z$500<=TODAY())*('01_LEADS'!$X$2:$X$500<>"WON")*('01_LEADS'!$X$2:$X$500<>"LOST")*('01_LEADS'!$X$2:$X$500<>"NOT A FIT")) | C13: «Дата follow-up» наступила/прошла, сделка ещё активна
A15: МЕТРИКА ВОРОНКИ | B15: ЗНАЧЕНИЕ | C15: ФОРМУЛА (по строкам выше)
A16: Доля ответов (Reply Rate) | B16: =IF($B$6=0,"0%",TEXT($B$7/$B$6,"0%")) | C16: Ответили / Написано
A17: Доля позитивных ответов (Positive Reply Rate) | B17: =IF($B$6=0,"0%",TEXT($B$8/$B$6,"0%")) | C17: Заинтересованы (и дальше) / Написано
A18: Доля обсуждений (Discussion Rate) | B18: =IF($B$8=0,"0%",TEXT($B$9/$B$8,"0%")) | C18: Обсуждение (и дальше) / Заинтересованы (и дальше)
A19: Доля офферов (Offer Rate) | B19: =IF($B$9=0,"0%",TEXT($B$10/$B$9,"0%")) | C19: Офферы (или Won) / Обсуждение (и дальше)
A20: Доля закрытых сделок (Close Rate) | B20: =IF($B$10=0,"0%",TEXT($B$11/$B$10,"0%")) | C20: Won / Офферы (или Won)
A22: Эти показатели — инструмент поиска слабого места собственной воронки, не сравнение с «нормальными» цифрами рынка.

Sheet 03_SETTINGS
A1: Статусы | B1: Приоритеты | C1: Каналы | D1: Версии сообщений | E1: Источники
A2: NEW | B2: A | C2: Telegram | D2: A | E2: Google Maps
A3: READY | B3: B | C3: WhatsApp | D3: B | E3: Яндекс Карты
A4: CONTACTED | B4: C | C4: Instagram | D4: C | E4: 2GIS
A5: REPLIED | C5: VK | E5: Instagram
A6: INTERESTED | C6: Email | E6: VK
A7: DISCOVERY | C7: Phone | E7: Telegram
A8: OFFER SENT | C8: Marketplace | E8: LinkedIn
A9: FOLLOW-UP | C9: Other | E9: Avito
A10: WON | E10: Profi
A11: LOST | E11: Kwork
A12: NOT A FIT | E12: Бизнес-каталог
E13: Знакомые / рекомендация
E14: Фриланс-биржа (другая)
E15: Другое
A17: Услуги (каталог Module 2, справочно):
E18: Landing Page Creation
E19: Website Redesign
E20: Commercial Presentations
E21: Lead Magnets / PDF Guides
E22: Telegram Content Packs
E23: Short-Form Video Scripts
E24: Product Descriptions
E25: Social Media Content Packs
E26: Competitor Research
E27: SOP / Process Documentation
E28: Email Sequences
E29: Visual Content / Ad Creatives
... E32: Local Business Digital Audit
